{
  "Total" : {
    "transaction" : "Total",
    "sampleCount" : 292495,
    "errorCount" : 0,
    "errorPct" : 0.0,
    "meanResTime" : 3.3808748867501763,
    "medianResTime" : 3.0,
    "minResTime" : 1.0,
    "maxResTime" : 1001.0,
    "pct1ResTime" : 4.0,
    "pct2ResTime" : 4.0,
    "pct3ResTime" : 5.0,
    "throughput" : 305.0365789432518,
    "receivedKBytesPerSec" : 111.71000774988659,
    "sentKBytesPerSec" : 64.75946631699838
  },
  "Create Album" : {
    "transaction" : "Create Album",
    "sampleCount" : 74804,
    "errorCount" : 0,
    "errorPct" : 0.0,
    "meanResTime" : 3.9364071440029917,
    "medianResTime" : 3.0,
    "minResTime" : 1.0,
    "maxResTime" : 1001.0,
    "pct1ResTime" : 3.0,
    "pct2ResTime" : 3.0,
    "pct3ResTime" : 4.0,
    "throughput" : 78.01184715501418,
    "receivedKBytesPerSec" : 33.074958300960496,
    "sentKBytesPerSec" : 17.556157232265768
  },
  "Read One Album" : {
    "transaction" : "Read One Album",
    "sampleCount" : 73708,
    "errorCount" : 0,
    "errorPct" : 0.0,
    "meanResTime" : 3.1184674662180387,
    "medianResTime" : 3.0,
    "minResTime" : 1.0,
    "maxResTime" : 117.0,
    "pct1ResTime" : 4.0,
    "pct2ResTime" : 4.0,
    "pct3ResTime" : 5.0,
    "throughput" : 76.92516421792193,
    "receivedKBytesPerSec" : 32.613895322359205,
    "sentKBytesPerSec" : 14.261904739385583
  },
  "Update Album" : {
    "transaction" : "Update Album",
    "sampleCount" : 72844,
    "errorCount" : 0,
    "errorPct" : 0.0,
    "meanResTime" : 3.1058838064905565,
    "medianResTime" : 3.0,
    "minResTime" : 1.0,
    "maxResTime" : 66.0,
    "pct1ResTime" : 4.0,
    "pct2ResTime" : 4.0,
    "pct3ResTime" : 5.0,
    "throughput" : 76.0653683496058,
    "receivedKBytesPerSec" : 32.24886644716233,
    "sentKBytesPerSec" : 17.626522281104787
  },
  "Delete Album" : {
    "transaction" : "Delete Album",
    "sampleCount" : 71139,
    "errorCount" : 0,
    "errorPct" : 0.0,
    "meanResTime" : 3.35018766077681,
    "medianResTime" : 3.0,
    "minResTime" : 1.0,
    "maxResTime" : 146.0,
    "pct1ResTime" : 4.0,
    "pct2ResTime" : 4.0,
    "pct3ResTime" : 5.0,
    "throughput" : 74.33612228328167,
    "receivedKBytesPerSec" : 13.865429058698044,
    "sentKBytesPerSec" : 15.378567186760378
  }
}