{
  "Total" : {
    "transaction" : "Total",
    "sampleCount" : 55000,
    "errorCount" : 147,
    "errorPct" : 0.26727274,
    "meanResTime" : 200.78318181818398,
    "medianResTime" : 8.0,
    "minResTime" : 1.0,
    "maxResTime" : 2753.0,
    "pct1ResTime" : 18.0,
    "pct2ResTime" : 24.0,
    "pct3ResTime" : 48.0,
    "throughput" : 68.3765784111521,
    "receivedKBytesPerSec" : 27.241109859871525,
    "sentKBytesPerSec" : 14.511504660407724
  },
  "Create Album" : {
    "transaction" : "Create Album",
    "sampleCount" : 15000,
    "errorCount" : 49,
    "errorPct" : 0.32666665,
    "meanResTime" : 570.1829333333395,
    "medianResTime" : 10.0,
    "minResTime" : 1.0,
    "maxResTime" : 2753.0,
    "pct1ResTime" : 1805.0,
    "pct2ResTime" : 2075.949999999999,
    "pct3ResTime" : 2550.99,
    "throughput" : 23.27988788405995,
    "receivedKBytesPerSec" : 10.503988475291504,
    "sentKBytesPerSec" : 5.239143315160795
  },
  "Read One Album" : {
    "transaction" : "Read One Album",
    "sampleCount" : 15000,
    "errorCount" : 0,
    "errorPct" : 0.0,
    "meanResTime" : 112.15986666666726,
    "medianResTime" : 16.0,
    "minResTime" : 2.0,
    "maxResTime" : 1702.0,
    "pct1ResTime" : 353.0,
    "pct2ResTime" : 612.0,
    "pct3ResTime" : 1218.0,
    "throughput" : 23.331160943014417,
    "receivedKBytesPerSec" : 10.060964688093486,
    "sentKBytesPerSec" : 4.31096361874861
  },
  "Update Album" : {
    "transaction" : "Update Album",
    "sampleCount" : 15000,
    "errorCount" : 49,
    "errorPct" : 0.32666665,
    "meanResTime" : 28.111800000000084,
    "medianResTime" : 10.0,
    "minResTime" : 2.0,
    "maxResTime" : 1041.0,
    "pct1ResTime" : 48.0,
    "pct2ResTime" : 85.0,
    "pct3ResTime" : 538.0,
    "throughput" : 23.335226079448667,
    "receivedKBytesPerSec" : 10.221088809495104,
    "sentKBytesPerSec" : 5.392788977605962
  },
  "Delete Album" : {
    "transaction" : "Delete Album",
    "sampleCount" : 10000,
    "errorCount" : 49,
    "errorPct" : 0.49,
    "meanResTime" : 38.6255999999999,
    "medianResTime" : 14.0,
    "minResTime" : 2.0,
    "maxResTime" : 662.0,
    "pct1ResTime" : 105.0,
    "pct2ResTime" : 178.0,
    "pct3ResTime" : 373.0,
    "throughput" : 30.98450155232353,
    "receivedKBytesPerSec" : 6.523184661626004,
    "sentKBytesPerSec" : 6.378928205424146
  }
}