{
  "Total" : {
    "transaction" : "Total",
    "sampleCount" : 391576,
    "errorCount" : 139244,
    "errorPct" : 35.55989,
    "meanResTime" : 7.772051913293966,
    "medianResTime" : 3.0,
    "minResTime" : 0.0,
    "maxResTime" : 4639.0,
    "pct1ResTime" : 10.0,
    "pct2ResTime" : 14.0,
    "pct3ResTime" : 26.0,
    "throughput" : 311.76184902986444,
    "receivedKBytesPerSec" : 433.49795122550773,
    "sentKBytesPerSec" : 47.93986061889436
  },
  "Create Album" : {
    "transaction" : "Create Album",
    "sampleCount" : 103761,
    "errorCount" : 36394,
    "errorPct" : 35.074837,
    "meanResTime" : 8.530922022725314,
    "medianResTime" : 3.0,
    "minResTime" : 1.0,
    "maxResTime" : 4493.0,
    "pct1ResTime" : 8.0,
    "pct2ResTime" : 11.0,
    "pct3ResTime" : 923.9900000000016,
    "throughput" : 82.61259001827237,
    "receivedKBytesPerSec" : 88.55754131311232,
    "sentKBytesPerSec" : 12.070389319075714
  },
  "Read One Album" : {
    "transaction" : "Read One Album",
    "sampleCount" : 100091,
    "errorCount" : 21179,
    "errorPct" : 21.159744,
    "meanResTime" : 7.545203864483294,
    "medianResTime" : 3.0,
    "minResTime" : 1.0,
    "maxResTime" : 4494.0,
    "pct1ResTime" : 8.0,
    "pct2ResTime" : 11.0,
    "pct3ResTime" : 771.9900000000016,
    "throughput" : 79.74304655389035,
    "receivedKBytesPerSec" : 91.15529602612277,
    "sentKBytesPerSec" : 11.497615995834026
  },
  "Update Album" : {
    "transaction" : "Update Album",
    "sampleCount" : 95676,
    "errorCount" : 40269,
    "errorPct" : 42.088924,
    "meanResTime" : 7.351990049751232,
    "medianResTime" : 3.0,
    "minResTime" : 0.0,
    "maxResTime" : 4639.0,
    "pct1ResTime" : 8.0,
    "pct2ResTime" : 11.0,
    "pct3ResTime" : 714.9700000000048,
    "throughput" : 76.23688926463545,
    "receivedKBytesPerSec" : 133.99133506688935,
    "sentKBytesPerSec" : 13.496253223649246
  },
  "Delete Album" : {
    "transaction" : "Delete Album",
    "sampleCount" : 92048,
    "errorCount" : 41402,
    "errorPct" : 44.978706,
    "meanResTime" : 7.599904397705543,
    "medianResTime" : 3.0,
    "minResTime" : 0.0,
    "maxResTime" : 4497.0,
    "pct1ResTime" : 8.0,
    "pct2ResTime" : 11.0,
    "pct3ResTime" : 629.8400000000256,
    "throughput" : 73.35980879013856,
    "receivedKBytesPerSec" : 120.0861872577699,
    "sentKBytesPerSec" : 10.905446414197444
  }
}