{
  "Total" : {
    "transaction" : "Total",
    "sampleCount" : 70000,
    "errorCount" : 0,
    "errorPct" : 0.0,
    "meanResTime" : 4.609685714285744,
    "medianResTime" : 3.0,
    "minResTime" : 1.0,
    "maxResTime" : 674.0,
    "pct1ResTime" : 4.0,
    "pct2ResTime" : 4.0,
    "pct3ResTime" : 6.0,
    "throughput" : 90.01363063549624,
    "receivedKBytesPerSec" : 35.04892808433313,
    "sentKBytesPerSec" : 19.14375940320963
  },
  "Create Album" : {
    "transaction" : "Create Album",
    "sampleCount" : 20000,
    "errorCount" : 0,
    "errorPct" : 0.0,
    "meanResTime" : 5.886699999999978,
    "medianResTime" : 3.0,
    "minResTime" : 1.0,
    "maxResTime" : 674.0,
    "pct1ResTime" : 4.0,
    "pct2ResTime" : 4.0,
    "pct3ResTime" : 9.0,
    "throughput" : 32.3820040250831,
    "receivedKBytesPerSec" : 13.703486982737964,
    "sentKBytesPerSec" : 7.2875051785908
  },
  "Read One Album" : {
    "transaction" : "Read One Album",
    "sampleCount" : 20000,
    "errorCount" : 0,
    "errorPct" : 0.0,
    "meanResTime" : 3.79235,
    "medianResTime" : 3.0,
    "minResTime" : 2.0,
    "maxResTime" : 114.0,
    "pct1ResTime" : 4.0,
    "pct2ResTime" : 4.0,
    "pct3ResTime" : 9.0,
    "throughput" : 32.41312472246262,
    "receivedKBytesPerSec" : 13.71665670722764,
    "sentKBytesPerSec" : 5.99657684483351
  },
  "Update Album" : {
    "transaction" : "Update Album",
    "sampleCount" : 20000,
    "errorCount" : 0,
    "errorPct" : 0.0,
    "meanResTime" : 3.743850000000002,
    "medianResTime" : 3.0,
    "minResTime" : 1.0,
    "maxResTime" : 158.0,
    "pct1ResTime" : 4.0,
    "pct2ResTime" : 4.0,
    "pct3ResTime" : 13.0,
    "throughput" : 32.416697192389854,
    "receivedKBytesPerSec" : 13.718143187286657,
    "sentKBytesPerSec" : 7.499306903155928
  },
  "Delete Album" : {
    "transaction" : "Delete Album",
    "sampleCount" : 10000,
    "errorCount" : 0,
    "errorPct" : 0.0,
    "meanResTime" : 5.421999999999996,
    "medianResTime" : 4.0,
    "minResTime" : 2.0,
    "maxResTime" : 184.0,
    "pct1ResTime" : 4.0,
    "pct2ResTime" : 5.0,
    "pct3ResTime" : 106.0,
    "throughput" : 33.681033873015764,
    "receivedKBytesPerSec" : 6.282302216548839,
    "sentKBytesPerSec" : 6.936497094589815
  }
}