{
  "Update Track" : {
    "transaction" : "Update Track",
    "sampleCount" : 20389,
    "errorCount" : 15516,
    "errorPct" : 76.09986,
    "meanResTime" : 4510.774976703132,
    "medianResTime" : 2149.5,
    "minResTime" : 2.0,
    "maxResTime" : 451258.0,
    "pct1ResTime" : 10361.900000000001,
    "pct2ResTime" : 13670.95,
    "pct3ResTime" : 24296.920000000013,
    "throughput" : 21.90502486594735,
    "receivedKBytesPerSec" : 51.68778427602168,
    "sentKBytesPerSec" : 2.2689087913532684
  },
  "Read All Genres" : {
    "transaction" : "Read All Genres",
    "sampleCount" : 31771,
    "errorCount" : 11693,
    "errorPct" : 36.804005,
    "meanResTime" : 4385.314500645248,
    "medianResTime" : 1784.0,
    "minResTime" : 3.0,
    "maxResTime" : 451284.0,
    "pct1ResTime" : 10044.400000000009,
    "pct2ResTime" : 13344.95,
    "pct3ResTime" : 25277.99000000016,
    "throughput" : 32.58373613029802,
    "receivedKBytesPerSec" : 196.69932797839,
    "sentKBytesPerSec" : 3.7000561249239787
  },
  "Delete Playlist" : {
    "transaction" : "Delete Playlist",
    "sampleCount" : 17451,
    "errorCount" : 13366,
    "errorPct" : 76.5916,
    "meanResTime" : 4176.990430347822,
    "medianResTime" : 1993.0,
    "minResTime" : 2.0,
    "maxResTime" : 46789.0,
    "pct1ResTime" : 9910.0,
    "pct2ResTime" : 13190.999999999978,
    "pct3ResTime" : 24339.92,
    "throughput" : 37.710121940414936,
    "receivedKBytesPerSec" : 85.69539947681555,
    "sentKBytesPerSec" : 3.0925558920579905
  },
  "Read All Artist" : {
    "transaction" : "Read All Artist",
    "sampleCount" : 33133,
    "errorCount" : 13065,
    "errorPct" : 39.431988,
    "meanResTime" : 4314.192647813362,
    "medianResTime" : 1762.0,
    "minResTime" : 3.0,
    "maxResTime" : 416797.0,
    "pct1ResTime" : 10187.500000000007,
    "pct2ResTime" : 13623.0,
    "pct3ResTime" : 28036.94000000001,
    "throughput" : 35.17161728083156,
    "receivedKBytesPerSec" : 194.8346816456714,
    "sentKBytesPerSec" : 3.848641356558865
  },
  "Create Tracks" : {
    "transaction" : "Create Tracks",
    "sampleCount" : 3711,
    "errorCount" : 1846,
    "errorPct" : 49.744003,
    "meanResTime" : 3771.7105901374352,
    "medianResTime" : 986.0,
    "minResTime" : 2.0,
    "maxResTime" : 447713.0,
    "pct1ResTime" : 11531.600000000002,
    "pct2ResTime" : 14319.599999999997,
    "pct3ResTime" : 23432.640000000003,
    "throughput" : 5.632515902636856,
    "receivedKBytesPerSec" : 8.439486288102202,
    "sentKBytesPerSec" : 0.6770007047285207
  },
  "Create Playlist" : {
    "transaction" : "Create Playlist",
    "sampleCount" : 36840,
    "errorCount" : 18893,
    "errorPct" : 51.28393,
    "meanResTime" : 3746.9237513572048,
    "medianResTime" : 1439.0,
    "minResTime" : 1.0,
    "maxResTime" : 451273.0,
    "pct1ResTime" : 10704.700000000004,
    "pct2ResTime" : 14300.0,
    "pct3ResTime" : 24322.94000000001,
    "throughput" : 37.64980975808669,
    "receivedKBytesPerSec" : 56.05508032425694,
    "sentKBytesPerSec" : 5.283642946447642
  },
  "Create Genre" : {
    "transaction" : "Create Genre",
    "sampleCount" : 38683,
    "errorCount" : 21285,
    "errorPct" : 55.02417,
    "meanResTime" : 3671.033373833492,
    "medianResTime" : 1288.0,
    "minResTime" : 2.0,
    "maxResTime" : 447747.0,
    "pct1ResTime" : 10941.700000000004,
    "pct2ResTime" : 14546.95,
    "pct3ResTime" : 24160.900000000016,
    "throughput" : 39.29078921841973,
    "receivedKBytesPerSec" : 60.42456501814062,
    "sentKBytesPerSec" : 4.611339648967377
  },
  "Read One Track" : {
    "transaction" : "Read One Track",
    "sampleCount" : 24729,
    "errorCount" : 12175,
    "errorPct" : 49.233692,
    "meanResTime" : 4150.058271664853,
    "medianResTime" : 1739.0,
    "minResTime" : 3.0,
    "maxResTime" : 451254.0,
    "pct1ResTime" : 9496.0,
    "pct2ResTime" : 12907.95,
    "pct3ResTime" : 24319.980000000003,
    "throughput" : 25.862609917922374,
    "receivedKBytesPerSec" : 50.07527953540853,
    "sentKBytesPerSec" : 2.3515149632439067
  },
  "Update Artist" : {
    "transaction" : "Update Artist",
    "sampleCount" : 22920,
    "errorCount" : 17449,
    "errorPct" : 76.13002,
    "meanResTime" : 4263.423036649238,
    "medianResTime" : 1872.0,
    "minResTime" : 2.0,
    "maxResTime" : 451270.0,
    "pct1ResTime" : 9799.30000000001,
    "pct2ResTime" : 13204.0,
    "pct3ResTime" : 24324.960000000006,
    "throughput" : 24.184894148880606,
    "receivedKBytesPerSec" : 59.932201574550575,
    "sentKBytesPerSec" : 2.8506576768441247
  },
  "Update Genre" : {
    "transaction" : "Update Genre",
    "sampleCount" : 22041,
    "errorCount" : 16485,
    "errorPct" : 74.792435,
    "meanResTime" : 4329.9116646250395,
    "medianResTime" : 1973.0,
    "minResTime" : 2.0,
    "maxResTime" : 48979.0,
    "pct1ResTime" : 9693.700000000004,
    "pct2ResTime" : 13144.95,
    "pct3ResTime" : 24355.700000000048,
    "throughput" : 44.26419141185118,
    "receivedKBytesPerSec" : 105.65357127122736,
    "sentKBytesPerSec" : 5.7620309726082555
  },
  "Create Artist" : {
    "transaction" : "Create Artist",
    "sampleCount" : 40399,
    "errorCount" : 24606,
    "errorPct" : 60.907448,
    "meanResTime" : 3692.28144260995,
    "medianResTime" : 1067.0,
    "minResTime" : 2.0,
    "maxResTime" : 451282.0,
    "pct1ResTime" : 12624.0,
    "pct2ResTime" : 16210.750000000004,
    "pct3ResTime" : 29699.200000000128,
    "throughput" : 41.23015877065769,
    "receivedKBytesPerSec" : 67.46383648756533,
    "sentKBytesPerSec" : 3.753879535684871
  },
  "Delete Album" : {
    "transaction" : "Delete Album",
    "sampleCount" : 19578,
    "errorCount" : 15616,
    "errorPct" : 79.763,
    "meanResTime" : 4242.930534273173,
    "medianResTime" : 2088.0,
    "minResTime" : 2.0,
    "maxResTime" : 45426.0,
    "pct1ResTime" : 9874.200000000004,
    "pct2ResTime" : 12902.099999999999,
    "pct3ResTime" : 24273.0,
    "throughput" : 22.011083116629063,
    "receivedKBytesPerSec" : 54.70602640602005,
    "sentKBytesPerSec" : 1.8610924375829856
  },
  "Update Playlist" : {
    "transaction" : "Update Playlist",
    "sampleCount" : 21197,
    "errorCount" : 15979,
    "errorPct" : 75.38331,
    "meanResTime" : 4441.9870264660285,
    "medianResTime" : 2068.5,
    "minResTime" : 2.0,
    "maxResTime" : 451257.0,
    "pct1ResTime" : 10286.900000000001,
    "pct2ResTime" : 13397.800000000003,
    "pct3ResTime" : 24269.970000000005,
    "throughput" : 22.621281100659736,
    "receivedKBytesPerSec" : 53.32996538194022,
    "sentKBytesPerSec" : 3.09619976557781
  },
  "Delete Track" : {
    "transaction" : "Delete Track",
    "sampleCount" : 16806,
    "errorCount" : 12561,
    "errorPct" : 74.741165,
    "meanResTime" : 4219.303463048911,
    "medianResTime" : 1972.5,
    "minResTime" : 1.0,
    "maxResTime" : 443893.0,
    "pct1ResTime" : 10095.600000000002,
    "pct2ResTime" : 13010.65,
    "pct3ResTime" : 24285.950000000004,
    "throughput" : 18.793801601599586,
    "receivedKBytesPerSec" : 40.85451306241061,
    "sentKBytesPerSec" : 1.5237898453391796
  },
  "Read One Genre" : {
    "transaction" : "Read One Genre",
    "sampleCount" : 26718,
    "errorCount" : 12176,
    "errorPct" : 45.572273,
    "meanResTime" : 4369.624185942053,
    "medianResTime" : 1826.5,
    "minResTime" : 2.0,
    "maxResTime" : 451271.0,
    "pct1ResTime" : 9932.30000000001,
    "pct2ResTime" : 13523.0,
    "pct3ResTime" : 25165.980000000003,
    "throughput" : 27.592431754739447,
    "receivedKBytesPerSec" : 54.27797889800674,
    "sentKBytesPerSec" : 2.669800039295308
  },
  "Read One Artist" : {
    "transaction" : "Read One Artist",
    "sampleCount" : 27723,
    "errorCount" : 11819,
    "errorPct" : 42.632473,
    "meanResTime" : 4528.304728925443,
    "medianResTime" : 1921.5,
    "minResTime" : 2.0,
    "maxResTime" : 451284.0,
    "pct1ResTime" : 10203.30000000001,
    "pct2ResTime" : 13606.550000000007,
    "pct3ResTime" : 25752.840000000026,